SentimentText,Cleaned_text,UserName,CreationDate,Image,Location,FollowerCount,FollowingCount,Verified,ReTweet,Likes,ID,emoji_,emoji_count,number_of_words,emoji_score,emoji_strength,Polarity,bio
@gorizmi Many call his Chhota Modi.,Many call his Chhota Modi,AbeerKapoor,03/11/2021 03:58:47,https://pbs.twimg.com/profile_images/652090164752154624/1cuYbFnh_normal.jpg,NewDelhiIndia,348,695,False,0,0,1370041522133995522,,0,6,0.0,0.0,0.500,invested in marketing a cultural Indian story to a global audience other than yoga.
"PM Modi's has a special request for the youth... Watch this video to find out!
https://t.co/Mcq4fvTC2s

via NaMo App https://t.co/hPj06ol9f8",PM Modi s has a special request for the youth    Watch this video to find out      t co Mcq fvTC s  via NaMo App     t co hPj  ol f,AmbikeshBJP,03/11/2021 03:56:27,https://pbs.twimg.com/profile_images/1368628603529818112/uZZQIwXI_normal.jpg,DeoriaIndia,839,347,False,0,0,1370040936223313920,,0,18,0.0,0.0,0.446,‡§Æ‡•Ä‡§°‡§ø‡§Ø‡§æ ‡§™‡•ç‡§∞‡§≠‡§æ‡§∞‡•Ä ‡§≠‡§æ‡§ú‡§™‡§æ ‡§¶‡•á‡§µ‡§∞‡§ø‡§Ø‡§æ
"@Swamy39 Why should Modi Ji  choose in between these.. he can have his ""stand"" strong in the both the platforms...",Why should Modi Ji  choose in between these   he can have his  stand  strong in the both the platforms,tnagamadhavi,03/11/2021 03:58:48,https://pbs.twimg.com/profile_images/1087379121124954112/IhzxKyF5_normal.jpg,RajahmundryIndia,4,30,False,0,0,1370041526307352576,,0,21,0.0,0.0,0.433,Just stay cool...
Attended the first meeting of National Committee To commemorate 75th Anniversary of India's Independence‚Äô chaired by Sh @narendramodi ji Hon @PMOIndia. Myself &amp; DICCI Family feels proud &amp; honoured. I thanks Hon PM Sh Narendra Modi ji for opportunity. @TCGEHLOT @AmitShah https://t.co/aPsaaN9nbF,Attended the first meeting of National Committee To commemorate   th Anniversary of India s Independence  chaired by Sh   ji Hon    Myself  amp  DICCI Family feels proud  amp  honoured  I thanks Hon PM Sh Narendra Modi ji for opportunity          t co aPsaaN nbF,DrMilindKamble,03/11/2021 03:51:51,https://pbs.twimg.com/profile_images/1034037716441292800/rm_8u0tJ_normal.jpg,PuneIndia,7162,64,False,0,6,1370039775017721861,,0,42,0.0,0.0,0.416,"Founder Chairman-@DICCIorg , Padamshree 2013, Chairman -BoG IIM Jammu, CoChair-India Malaysia CEO Forum, Chairman-SCST Hub Min.MSME, Member-BOG EDII"
"@aayush9531 @TMKOC_NTF @AsitKumarrModi @dilipjoshie Modi doesn‚Äôt care about good story or comedy, all he want is make episodes,
This bogilal story is almost 2 months old.",Modi doesn t care about good story or comedy  all he want is make episodes  This bogilal story is almost   months old,sampeterhit,03/11/2021 04:00:21,https://pbs.twimg.com/profile_images/1357220430680109056/IKmu_SA-_normal.jpg,India,3,80,False,0,0,1370041915383685134,,0,25,0.0,0.0,0.399,cricket üáÆüá≥
@___Mannu @crazy_kudii @ebrahimmunsif_ @RisingP64260760 @ImranKhanPTI That was a statement by the traitor opposition. The opposition is full of traitors doing modi‚Äôs work. They will lie because they are all being locked up for corruption cases. These traitors have no credability in Pak. We laugh at them. They are desparate to demean Pak.,That was a statement by the traitor opposition  The opposition is full of traitors doing modi s work  They will lie because they are all being locked up for corruption cases  These traitors have no credability in Pak  We laugh at them  They are desparate to demean Pak,RajaKha10950674,03/11/2021 03:59:04,https://pbs.twimg.com/profile_images/1367858817950748673/YbjMrnZ6_normal.jpg,India,4,53,False,0,0,1370041591449145346,,0,52,0.0,0.0,0.324,‚ÄòTo kill one innocent human being is equivalent to killing all of humanity‚Äô Quran 5:32
"Hats off to you Didi @MamataOfficial 
for your courage. Whole world will remember you for standing against fascism of Modi-Shah and fighting strongly.",Hats off to you Didi    for your courage  Whole world will remember you for standing against fascism of Modi Shah and fighting strongly,khanadil9,03/11/2021 03:56:45,https://pbs.twimg.com/profile_images/1309917651519455233/SLn83pTT_normal.jpg,NewDelhiIndia,245,643,False,0,0,1370041008495366145,,0,23,0.0,0.0,0.316,"‚Ä¢ National TV Debater
‚Ä¢ Advisor BK Education
‚Ä¢ President HCF 
‚Ä¢ Social Activist 
‚Ä¢ Political Analyst
‚Ä¢ Researcher
‚Ä¢ Member SEAT Academy
‚Ä¢ Columnist"
"Dear @PIBHomeAffairs, as Modi govt has already been declared an autocratic govt, it should work atleast sometimes like that. But you guys are showing exactly How an autocracy shouldn‚Äôt work. 
Uthe ke daalo andar is @SaketGokhale ko aur gaan bajao! https://t.co/WAzwnBjaeM",Dear    as Modi govt has already been declared an autocratic govt  it should work atleast sometimes like that  But you guys are showing exactly How an autocracy shouldn t work   Uthe ke daalo andar is   ko aur gaan bajao      t co WAzwnBjaeM,DesiOptimystic,03/11/2021 03:53:13,https://pbs.twimg.com/profile_images/1291612826541477888/Od5EnEvI_normal.jpg,India,1897,747,False,0,0,1370040122465517568,,0,41,0.0,0.0,0.312,"My hypocrisy is the hypocritical reaction to your hypocrisy.

https://t.co/E2dtGj8fmi"
"@Satyana61716566 Never mind it's your choice!! 
But Modi can put up his banners after #FuelPriceHike at petrol pumps was that ok. 
Smritiirani was on the roads protesting during UPA Govt' was that ok. 
I have only texted the price range with a good illustration, it's not nice thank you!",Never mind it s your choice    But Modi can put up his banners after  FuelPriceHike at petrol pumps was that ok   Smritiirani was on the roads protesting during UPA Govt  was that ok   I have only texted the price range with a good illustration  it s not nice thank you,sunmor2901,03/11/2021 03:54:55,https://pbs.twimg.com/profile_images/1350891908206268416/AAM2MkAJ_normal.jpg,MumbaiIndia,3942,4881,False,0,0,1370040547717484550,,0,49,0.0,0.0,0.265,"Merchandiser/Garment Exports.
People who shine from within, don't really need the spotlightüåù
#MyFamily! #MyLifeLine! ‚Ñπsupport Congressü§öRahul GandhiüáÆüá≥"
PM‚Äôs Mother Heeraben Modi Gets First Dose of COVID-19 Vaccine https://t.co/6MXdaeXk6g via @YahooIndia,PM s Mother Heeraben Modi Gets First Dose of COVID    Vaccine     t co  MXdaeXk g via,gopalkpuri,03/11/2021 03:57:46,https://pbs.twimg.com/profile_images/747515649979736064/8Y2qZvRH_normal.jpg,India,146,482,False,0,0,1370041264591282185,,0,13,0.0,0.0,0.250,
"LATEST : Air India loaded with 100,000 doses of #AstraZeneca vaccine donated to #Kenya by India gov't has just touched down at JKIA . 
PM Narendra Modi has been supplying developing countries with free doses since January under ‚Äúvaccine maitri""  initiative. https://t.co/RuC3Ac1CMs",LATEST   Air India loaded with         doses of  AstraZeneca vaccine donated to  Kenya by India gov t has just touched down at JKIA    PM Narendra Modi has been supplying developing countries with free doses since January under  vaccine maitri   initiative      t co RuC Ac CMs,TerryNzau,03/11/2021 03:59:41,https://pbs.twimg.com/profile_images/1323482233999642626/MSA97vlR_normal.jpg,Nairobikenya,5158,1248,False,0,0,1370041745828904960,,0,43,0.0,0.0,0.248,A journalist and a corporate communications practitioner.My tweets are my own views.| Catholic| Arsenal is me.
"@___Mannu @crazy_kudii @ebrahimmunsif_ @RisingP64260760 @ImranKhanPTI Like I said they are opposition ministers. Just like Rahul Gandhi said modi wet his thothi in front of China. If you believe the opposition, you are a bigger Pendu than I thought lol",Like I said they are opposition ministers  Just like Rahul Gandhi said modi wet his thothi in front of China  If you believe the opposition  you are a bigger Pendu than I thought lol,RajaKha10950674,03/11/2021 04:00:13,https://pbs.twimg.com/profile_images/1367858817950748673/YbjMrnZ6_normal.jpg,India,4,53,False,0,0,1370041883636957195,,0,39,0.0,0.0,0.233,‚ÄòTo kill one innocent human being is equivalent to killing all of humanity‚Äô Quran 5:32
"@ravishndtv 
Mr Ravish please be unbiased,

When AAP in Delhi was facing or was expecting not so good performance in Delhi, Kejriwal even went on to say Modi will kill him.

Same is in Bengal election.
A political stunt.

Bro be wiser use ur Head on your shoulder.",Mr Ravish please be unbiased   When AAP in Delhi was facing or was expecting not so good performance in Delhi  Kejriwal even went on to say Modi will kill him   Same is in Bengal election  A political stunt   Bro be wiser use ur Head on your shoulder,sondh_krishan,03/11/2021 03:53:47,https://pbs.twimg.com/profile_images/758626737899044864/imMSOUGZ_normal.jpg,NewDelhiIndia,0,10,False,0,0,1370040264270647300,,0,44,0.0,0.0,0.233,Head Operations
@arora_harjinder @GovindaHarpal @AsterixTheGaull @amaanbali @KesariDhwaj the true slaves are modi bhakts he makes you ppl feel like kings and rulers but in reality you guys are nothing. China is eating up your land while you guys are worried abt some old peasants üòÇ,the true slaves are modi bhakts he makes you ppl feel like kings and rulers but in reality you guys are nothing  China is eating up your land while you guys are worried abt some old peasants,They1oveEb,03/11/2021 03:58:56,https://pbs.twimg.com/profile_images/1334726724123299840/RqXWKBtt_normal.jpg,India,21,37,False,0,0,1370041559815708678,üòÇ,1,43,3.0,3.0,0.224,
"The Modi Govt's ‚Çπ1.8 Lakh Cr+ worth of PLI Schemes to push manufacturing in 14 sectors will bring in capital investments worth ‚Çπ2 to 2.7 Lakh Cr over next 3 years and can generate incremental revenue worth ‚Çπ35-40 Lakh Cr over 5 years, says S&amp;P's CRISIL.
https://t.co/zf3VohMZOK",The Modi Govt s      Lakh Cr  worth of PLI Schemes to push manufacturing in    sectors will bring in capital investments worth    to     Lakh Cr over next   years and can generate incremental revenue worth        Lakh Cr over   years  says S amp P s CRISIL      t co zf VohMZOK,ukshahi,03/11/2021 03:55:18,https://pbs.twimg.com/profile_images/1225669533190348803/Z3psIBfN_normal.jpg,NewDelhiIndia,8295,499,False,5,12,1370040646866595846,,0,46,0.0,0.0,0.224,"Civil Servant & Author. Avidly Watch Resources, Production, Infra & National Security.
Interested in Defence & Geopolitics.
‡§ú‡§®‡§®‡•Ä ‡§ú‡§®‡•ç‡§Æ‡§≠‡•Ç‡§Æ‡§ø‡§∂‡•ç‡§ö ‡§∏‡•ç‡§µ‡§∞‡•ç‡§ó‡§æ‡§¶‡§™‡§ø ‡§ó‡§∞‡•Ä‡§Ø‡§∏‡•Ä !"
@vinodkapri We are supposed to watch modi ji's speeches purely for entertainment basis,We are supposed to watch modi ji s speeches purely for entertainment basis,Rayofho15417325,03/11/2021 03:58:49,https://pbs.twimg.com/profile_images/1367297919800336384/rMbqQuSY_normal.jpg,India,51,271,False,0,0,1370041530325499904,,0,13,0.0,0.0,0.214,"lawyer, agnostic"
"India Is No Longer a Democracy but an '#Electoral #Autocracy': #Swedish Institute
The V Dem Institute's report notes that much of the decline in democratic freedoms occurred after the #BJP and Narendra Modi's victory in 2014. WIRE",India Is No Longer a Democracy but an   Electoral  Autocracy    Swedish Institute The V Dem Institute s report notes that much of the decline in democratic freedoms occurred after the  BJP and Narendra Modi s victory in       WIRE,Dwarikanathrath,03/11/2021 03:58:51,https://pbs.twimg.com/profile_images/966926494/DNRath_--1_normal.jpg,Ahmedabad,441,2299,False,0,0,1370041538575622144,,0,36,0.0,0.0,0.200,"Social Activist, write on social,political,cultural issues.HumanRight,people's movement Believe in Marxism,progressive literature,art& culture,Anti Imperialism,"
Now I understand why the Modi govt. is going after the standup comics. It wants to neutralise any competition to Sahib. https://t.co/MKhsetv16i,Now I understand why the Modi govt  is going after the standup comics  It wants to neutralise any competition to Sahib      t co MKhsetv  i,indoldrum,03/11/2021 03:58:32,https://pbs.twimg.com/profile_images/1241802546991075328/8Uxue9hw_normal.jpg,India,81,220,False,0,0,1370041458942644226,,0,22,0.0,0.0,0.200,"I only retweet, what I agree with and believe in."
"@Periyaappatakar @mgnayak5 Saheb Ri , till today who has justified ? But yes with Modi ji it is possible and that is why they are trying to stop and prevent him",Saheb Ri   till today who has justified   But yes with Modi ji it is possible and that is why they are trying to stop and prevent him,JyotilaxmiK,03/11/2021 03:57:48,https://pbs.twimg.com/profile_images/1367220762071887873/u8YTQGBT_normal.jpg,GoaIndia,328,496,False,0,1,1370041275710205959,,0,31,0.0,0.0,0.200,Nation First| Hinduism is a way of life| Writer| Traveller| Speaker | Entrepreneur| Armybrat |
"Struggling to find an apt illustration of how delusional a human being can get? Modi just solved your problem.

#GodiMedia? No such thing.

https://t.co/mAYFc18GzV https://t.co/4Ownbnp0JB",Struggling to find an apt illustration of how delusional a human being can get  Modi just solved your problem    GodiMedia  No such thing       t co mAYFc  GzV     t co  Ownbnp JB,santhoshd,03/11/2021 03:56:53,https://pbs.twimg.com/profile_images/1294868871745134592/kGGFMwFy_normal.jpg,TerraUnfirma,2955,2437,False,0,1,1370041042418855945,,0,23,0.0,0.0,0.199,"""No man is an island entire of itself; every man
is a piece of the continent...
therefore never send to know for whom
the bell tolls; it tolls for thee""
#Resist"
@dpsingha @uddhavthackeray @CMOMaharashtra @AUThackeray @mieknathshinde @DrSEShinde @BhayandarMira @mybmc @mayor_mumbai @TMCaTweetAway So why these vaccination has take so much of arab rupees to again lock down better give each 10lac rupees and stay at home where are 15 lacs modi sir was going to give,So why these vaccination has take so much of arab rupees to again lock down better give each   lac rupees and stay at home where are    lacs modi sir was going to give,PrabjotBatra,03/11/2021 03:52:04,https://pbs.twimg.com/profile_images/1292192075547471873/fwQS_T5X_normal.jpg,India,12,286,False,0,0,1370039831468777476,,0,44,0.0,0.0,0.181,I can suggest an better idea normal on any topic
"Normal People: Eat ‚û°Ô∏è Sleep ‚û°Ô∏è Repeat üîÑ

PM Modi: Eat ‚û°Ô∏è Sell PSUs ‚û°Ô∏è Loot the country ‚û°Ô∏è Benefit ""Humare Do"" ‚û°Ô∏è Sleep ‚û°Ô∏è Repeat üîÑ

#HumDoHumareDoKiLoot
#‡§ï‡§ø‡§∏‡§æ‡§®_‡§π‡•Ä‡§∞‡•ã_‡§π‡•à
#IndiaFights4FarmerRights",Normal People  Eat    Sleep    Repeat    PM Modi  Eat    Sell PSUs    Loot the country    Benefit  Humare Do     Sleep    Repeat     HumDoHumareDoKiLoot                 IndiaFights FarmerRights,seerat24,03/11/2021 04:00:20,https://pbs.twimg.com/profile_images/1368949493014564867/3jQ9luYA_normal.jpg,RabbdiRajha,138,133,False,0,0,1370041909700296710,,0,26,0.0,0.0,0.150,"'‡®ó‡©±‡®≤‡®æ‡®Ç ‡®ï‡®∞‡®®‡©Ä‡®Ü‡®Ç ‡®∏‡©Å‡®ñ‡®æ‡®≤‡©Ä‡®Ü‡®Ç, ‡®î‡®ñ‡©á ‡®™‡®ó‡®æ‡®â‡®£‡©á ‡®¨‡©ã‡®≤'




















'‡®≤‡®ø‡®ñ‡©Ä‡®Ü‡®Ç ‡®°‡®æ‡®¢‡©á ‡®∞‡©±‡®¨ ‡®¶‡©Ä‡®Ü‡®Ç, ‡®Æ‡©á‡®ü‡®£ ‡®µ‡®æ‡®≤‡®æ ‡®ï‡©å‡®£'!!üíïü§≤üèΩüôèüèΩ
backup Acc
@SiraEHou @13_seerat"
PM Modi's Assam Election Campaign Tour to Start from March 18; Karimganj to Host the First Public Event https://t.co/Uz2mnTFHju,PM Modi s Assam Election Campaign Tour to Start from March     Karimganj to Host the First Public Event     t co Uz mnTFHju,BarakBulletin,03/11/2021 03:51:50,https://pbs.twimg.com/profile_images/1004628321567588352/ZtQ2xM8__normal.jpg,India,766,51,False,0,0,1370039772442284033,,0,19,0.0,0.0,0.125,"Our website https://t.co/aX7IiSJlEx, aims to inform and educate people of Barak Valley and at the same time showcase Barak Valley‚Äôs strength to the world."
"@narendramodi Modi ji, we want to live alive.",Modi ji  we want to live alive,fradinmallick,03/11/2021 03:55:03,https://pbs.twimg.com/profile_images/1333428778454851586/bnaJa_di_normal.jpg,NewDelhiIndia,8,107,False,0,0,1370040583448793089,,0,8,0.0,0.0,0.118,"No creo en la violencia pero tampoco soy #gandhi.
Si eres mujer por favor no viajen a #uttarpardeh #India y tampoco crean a los l√≠deres del partido #BJP.

JMI"
@AbhishBanerj Right now any foreign government worried about how their action towards India will be seen by the RW here? Absolutely not because there isn't such an ecosystem or media to come together. Not even the modi government is worried about RW. This is exactly why we need a credible..,Right now any foreign government worried about how their action towards India will be seen by the RW here  Absolutely not because there isn t such an ecosystem or media to come together  Not even the modi government is worried about RW  This is exactly why we need a credible,Raj63245195,03/11/2021 04:00:26,https://pbs.twimg.com/profile_images/1308026952381419523/UrkiQ6Zi_normal.jpg,Dubai,372,4,False,0,0,1370041937298780160,,0,50,0.0,0.0,0.115,"Atheist: Rationalist

Religion is nothing but human imagination!

Socialism is nothing but equality in poverty"
"National Informatics Centre, Golaghat has developed an android app called "" Poll- Sampark "" to help the polling personnel during the poll process. The mobile app has been launched by Bibhash Chandra Modi, DC Golaghat today. 

#AssamAssemblyElections2021 

@GolaghatPolice https://t.co/a2fgJOJVux",National Informatics Centre  Golaghat has developed an android app called   Poll  Sampark   to help the polling personnel during the poll process  The mobile app has been launched by Bibhash Chandra Modi  DC Golaghat today     AssamAssemblyElections             t co a fgJOJVux,DGolaghat,03/11/2021 03:54:21,https://pbs.twimg.com/profile_images/1361941215109873665/AzEg-3no_normal.jpg,GolaghatIndia,31,93,False,0,0,1370040407279607809,,0,39,0.0,0.0,0.100,"This is the official Twitter handle of the Office of the District Information & Public Relations Officer, Golaghat district."
@tehseenp Absolutely right...one fAmily has degraded the post of PM so much....they thought seat toh unke baap ki hai...its a seat of thrones for MODI ji...but he had the guts to take on bure din...these chaatukaars Can only bootlick the family,Absolutely right   one fAmily has degraded the post of PM so much    they thought seat toh unke baap ki hai   its a seat of thrones for MODI ji   but he had the guts to take on bure din   these chaatukaars Can only bootlick the family,varunja25856767,03/11/2021 03:54:10,https://pbs.twimg.com/profile_images/1246907333424427008/peBYDvnh_normal.jpg,India,51,329,False,0,0,1370040359292596224,,0,41,0.0,0.0,0.100,love INDIA...want people to learn rather than feed on freebies
It is crystal clear now that the agitation in the name of farmers is against Modi and they have nothing to do with farmers. It is sponsored by Congress with support of China and Pakistan. https://t.co/ipm9fpFx3Q,It is crystal clear now that the agitation in the name of farmers is against Modi and they have nothing to do with farmers  It is sponsored by Congress with support of China and Pakistan      t co ipm fpFx Q,pradeep_mishra7,03/11/2021 03:53:39,https://pbs.twimg.com/profile_images/944469653299924992/xsrsi8h7_normal.jpg,India,304,531,False,0,0,1370040230049280006,,0,36,0.0,0.0,0.100,#NotRetiredYet.. Proud Hindu..Responsible Citizen..
"@INCIndia By imposing Road Cess in Fuel prices, Modi gov is collecting more taxes to improve Road Infra.

In short Modi gaali kha rahe hain aur Gadkari credit kha rahe hain üòÇ

He can cut taxes, stop work

The only man who should be credited for faster road infra is none other than Modi ü§∑üèª‚Äç‚ôÇÔ∏è",By imposing Road Cess in Fuel prices  Modi gov is collecting more taxes to improve Road Infra   In short Modi gaali kha rahe hain aur Gadkari credit kha rahe hain    He can cut taxes  stop work  The only man who should be credited for faster road infra is none other than Modi,miteshD92028805,03/11/2021 03:54:55,https://pbs.twimg.com/profile_images/1369499450582822912/JgFIS9Qw_normal.jpg,India,711,994,False,0,0,1370040549651062788,üòÇ,1,52,3.0,3.0,0.093,"fashion designer,electronics n telecom engineer,professional,entrepreneur,nation first,suffering tax payer due to policies of khangress .views Personel."
"@INCIndia By imposing Road Cess in Fuel prices, Modi gov is collecting more taxes to improve Road Infra.

In short Modi gaali kha rahe hain aur Gadkari credit kha rahe hain üòÇ

He can cut taxes, stop work

The only man who should be credited for faster road infra is none other than Modi ü§∑üèª‚Äç‚ôÇÔ∏è",By imposing Road Cess in Fuel prices  Modi gov is collecting more taxes to improve Road Infra   In short Modi gaali kha rahe hain aur Gadkari credit kha rahe hain    He can cut taxes  stop work  The only man who should be credited for faster road infra is none other than Modi,miteshD92028805,03/11/2021 03:51:50,https://pbs.twimg.com/profile_images/1369499450582822912/JgFIS9Qw_normal.jpg,India,711,994,False,0,1,1370039772903710723,üòÇ,1,52,3.0,3.0,0.093,"fashion designer,electronics n telecom engineer,professional,entrepreneur,nation first,suffering tax payer due to policies of khangress .views Personel."
"Quad is a fraud, Modi is smart enough not to join it.
A multipolar world will always be beneficial for India where India has different bilateral relations. Russia is however now a junior ally to China as its economy is down, but India will continue to have special relations.",Quad is a fraud  Modi is smart enough not to join it  A multipolar world will always be beneficial for India where India has different bilateral relations  Russia is however now a junior ally to China as its economy is down  but India will continue to have special relations,skyesins,03/11/2021 03:52:39,https://pbs.twimg.com/profile_images/1365272176010489860/z12wfMan_normal.jpg,India,578,220,False,2,9,1370039976231010312,,0,48,0.0,0.0,0.083,"Data Engineer // Civil Engineer // 
Atheist // Irreligious // Centrist // RT not endorsement"
"#BankBachao_DeshBachao
I strictly oppose Bank privatization.

Bank privatization is just like ""Selling the Sofa and TV of your home, if you feel your expenses are more and salary is less""

One day, House will be empty, then what will you sell... Your kidney???
Shame on you Modi.",BankBachao DeshBachao I strictly oppose Bank privatization   Bank privatization is just like  Selling the Sofa and TV of your home  if you feel your expenses are more and salary is less   One day  House will be empty  then what will you sell    Your kidney    Shame on you Modi,Dheerajshukl182,03/11/2021 04:00:26,https://pbs.twimg.com/profile_images/1351171982281289730/h-gBH_io_normal.jpg,NewDelhiIndia,891,916,False,0,0,1370041936774504448,,0,43,0.0,0.0,0.077,"‡§®‡•â‡§∞‡•ç‡§• ‡§µ‡•á‡§∏‡•ç‡§ü ‡§≤‡•ã‡§ï‡§∏‡§≠‡§æ ‡§ï‡•ã‡§ë‡§∞‡•ç‡§°‡§ø‡§®‡•á‡§ü‡§∞ |

‡§∏‡§Ç‡§Ø‡•ã‡§ú‡§ï ‡§¨‡§æ‡§¶‡§≤‡•Ä ‡§µ‡§ø‡§ß‡§æ‡§®‡§∏‡§≠‡§æ ‡§Ø‡•Å‡§• ‡§ï‡•â‡§ó‡•ç‡§∞‡•á‡§∏ |

‡§â‡§™‡§æ‡§ß‡•ç‡§Ø‡§ï‡•ç‡§∑ ‡§¨‡§æ‡§¶‡§≤‡•Ä ‡§µ‡§ø‡§ß‡§æ‡§®‡§∏‡§≠‡§æ  ‡§Ø‡•Å‡§• ‡§ï‡•â‡§ó‡•ç‡§∞‡•á‡§∏ |

#‡§Æ‡•à‡§Ç_‡§π‡§ø‡§®‡•ç‡§¶‡•Ç_‡§π‡•Ç‡§Å, ‡§Æ‡•ã‡§¶‡•Ä ‡§≠‡§ï‡•ç‡§§ ‡§®‡§π‡•Ä‡§Ç‡•§"
"@thewire_in ""The CAG has insisted that it will not remove the paragraph from the report despite the ministry‚Äôs repeated demands"".

How does this normally work?
Like, there is man at a table at #CAG entrance and Modi team gets there and orders..
""One  parcel, fourth and seventh line cut""",The CAG has insisted that it will not remove the paragraph from the report despite the ministry s repeated demands    How does this normally work  Like  there is man at a table at  CAG entrance and Modi team gets there and orders    One  parcel  fourth and seventh line cut,pockyarsarat,03/11/2021 03:56:32,https://pbs.twimg.com/profile_images/1062570687351537664/WNG1PTzT_normal.jpg,ChennaiIndia,55,187,False,0,0,1370040954455953412,,0,47,0.0,0.0,0.075,"Truth never damages a cause that is just.

M,G."
@RahulGandhi The most useless person in India is u . Modi ji has taken this country to new hights,The most useless person in India is u   Modi ji has taken this country to new hights,drankur2007,03/11/2021 03:55:45,https://abs.twimg.com/sticky/default_profile_images/default_profile_normal.png,MeerutIndia,12,18,False,0,0,1370040758498041857,,0,19,0.0,0.0,0.045,
